mysql> select * from person;
+----------+----------+-----------+
| personid | lastName | firstName |
+----------+----------+-----------+
|        1 | Wang     | Allen     |
|        2 | Alice    | Bob       |
+----------+----------+-----------+
2 rows in set (0.00 sec)


mysql> select * from address;
+-----------+----------+---------------+------------+
| addressid | personid | city          | state      |
+-----------+----------+---------------+------------+
|         1 |        2 | New York City | New York   |
|         2 |        3 | San Diago     | California |
+-----------+----------+---------------+------------+
2 rows in set (0.00 sec)

mysql> select person.firstname,person.lastname,address.state,address.city
    -> from person
    -> left join address on person.personid = address.personid;
+-----------+----------+----------+---------------+
| firstname | lastname | state    | city          |
+-----------+----------+----------+---------------+
| Allen     | Wang     | NULL     | NULL          |
| Bob       | Alice    | New York | New York City |
+-----------+----------+----------+---------------+
2 rows in set (0.00 sec)
